ModuleID,tid,event,criticality,timestamp
ModuleX,T123,FallDetected,9,9/19/2025 4:00:10 PM
ModuleX,T123,FallDetected,9,9/19/2025 4:18:06 PM
ModuleX,T123,FallDetected,9,9/19/2025 4:22:32 PM
ModuleX,T123,FallDetected,9,9/19/2025 4:23:06 PM
ModuleX,T123,FallDetected,9,9/19/2025 4:23:07 PM
ModuleX,T123,FallDetected,9,9/19/2025 4:23:10 PM
ModuleX,T123,FallDetected,9,9/19/2025 4:23:11 PM
ModuleX,T123,FallDetected,9,9/19/2025 4:23:11 PM
ModuleX,T123,FallDetected,9,9/19/2025 4:23:11 PM
ModuleX,T123,FallDetected,9,9/19/2025 4:23:11 PM
ModuleX,T123,FallDetected,9,9/19/2025 4:23:11 PM
ModuleX,T123,FallDetected,9,9/19/2025 4:30:47 PM
ModuleX,T123,FallDetected,9,9/25/2025 8:46:31 PM
ModuleX,T123,FallDetected,9,9/25/2025 8:47:01 PM
ModuleX,T123,FallDetected,9,9/25/2025 8:47:02 PM
ModuleX,T123,FallDetected,9,9/25/2025 8:47:06 PM
ModuleX,T123,FallDetected,9,9/25/2025 8:47:16 PM
ModuleX,T123,FallDetected,9,9/25/2025 8:48:17 PM
